customer_id,join_date,acquisition_channel,cac,city
CUST-0001,2023-04-25,Social_Ads,858.74,Delhi
CUST-0002,2023-01-09,Paid_Search,404.07,DELHI
CUST-0003,2023-04-19,Affiliate,316.8,Bangalore
CUST-0004,2022-04-28,Social_Ads,902.98,mumbai 
CUST-0005,2022-02-03,Affiliate,265.32,bengaluru
CUST-0006,2022-09-13,Paid_Search,431.21, delhi
CUST-0007,2022-05-16,Affiliate,256.76,mumbai 
CUST-0008,2022-07-24,Affiliate,283.44,Delhi
CUST-0009,2023-01-22,Affiliate,245.65,Mumbai
CUST-0010,2022-03-23,Paid_Search,502.57,DELHI
CUST-0011,2022-07-15,Organic,0.0,BANGALORE
CUST-0012,2023-03-17,Social_Ads,941.58, delhi
CUST-0013,2023-03-30,Organic,0.0,DELHI
CUST-0014,2022-05-31,Social_Ads,779.12,Bombay
CUST-0015,2023-03-25,Organic,0.0, delhi
CUST-0016,2023-04-13,Paid_Search,379.15, delhi
CUST-0017,2022-09-17,Social_Ads,834.87,Delhi
CUST-0018,2022-10-04,Social_Ads,945.12,Mumbai
CUST-0019,2022-01-10,Social_Ads,675.8,bengaluru
CUST-0020,2022-01-30,Social_Ads,717.08,Mumbai
CUST-0021,2022-09-06,Organic,0.0, delhi
CUST-0022,2022-12-04,Paid_Search,445.55,MUMBAI
CUST-0023,2023-03-23,Social_Ads,834.11,Delhi
CUST-0024,2022-06-09,Paid_Search,431.82, delhi
CUST-0025,2023-04-06,Social_Ads,805.62,Bengaluru
CUST-0026,2022-02-02,Paid_Search,420.86,MUMBAI
CUST-0027,2022-02-06,Paid_Search,487.41,Mumbai
CUST-0028,2023-04-09,Paid_Search,365.65,mumbai 
CUST-0029,2022-05-02,Organic,0.0,DELHI
CUST-0030,2022-03-09,Paid_Search,490.2, delhi
CUST-0031,2023-02-06,Affiliate,296.76,Bombay
CUST-0032,2022-02-19,Paid_Search,478.62,mumbai 
CUST-0033,2022-08-28,Affiliate,343.66,Bengaluru
CUST-0034,2022-07-26,Organic,0.0,Mumbai
CUST-0035,2022-04-08,Paid_Search,456.53,MUMBAI
CUST-0036,2022-05-23,Affiliate,295.52,Mumbai
CUST-0037,2022-02-20,Affiliate,246.07, delhi
CUST-0038,2023-04-20,Organic,0.0,MUMBAI
CUST-0039,2022-09-06,Paid_Search,446.64,BANGALORE
CUST-0040,2022-07-14,Organic,0.0,Bombay
CUST-0041,2022-05-27,Social_Ads,775.36,BANGALORE
CUST-0042,2022-06-01,Paid_Search,399.19,Mumbai
CUST-0043,2022-06-10,Organic,0.0, delhi
CUST-0044,2023-04-16,Affiliate,342.33,Delhi
CUST-0045,2022-02-11,Organic,0.0,Delhi
CUST-0046,2023-03-18,Organic,0.0,Delhi
CUST-0047,2022-11-01,Paid_Search,367.15,Delhi
CUST-0048,2022-10-26,Affiliate,307.83,DELHI
CUST-0049,2022-12-09,Social_Ads,869.18,MUMBAI
CUST-0050,2022-03-09,Social_Ads,854.94,bengaluru
CUST-0051,2023-04-21,Affiliate,330.22,Bengaluru
CUST-0052,2022-11-15,Organic,0.0,Bengaluru
CUST-0053,2022-04-20,Organic,0.0,Delhi
CUST-0054,2023-03-27,Social_Ads,718.17,mumbai 
CUST-0055,2023-03-03,Paid_Search,457.78,bengaluru
CUST-0056,2023-02-23,Organic,0.0, delhi
CUST-0057,2022-05-16,Organic,0.0,Mumbai
CUST-0058,2022-05-25,Paid_Search,468.87,bengaluru
CUST-0059,2022-11-21,Paid_Search,513.52, delhi
CUST-0060,2023-04-09,Affiliate,348.98,Bengaluru
CUST-0061,2022-08-05,Organic,0.0,Delhi
CUST-0062,2023-01-30,Organic,0.0,bengaluru
CUST-0063,2022-08-15,Paid_Search,459.3,DELHI
CUST-0064,2022-02-08,Organic,0.0,MUMBAI
CUST-0065,2022-10-26,Organic,0.0,BANGALORE
CUST-0066,2022-06-07,Paid_Search,425.64,Mumbai
CUST-0067,2022-12-16,Social_Ads,719.85,Mumbai
CUST-0068,2023-03-29,Social_Ads,919.91, delhi
CUST-0069,2023-03-19,Paid_Search,389.25,MUMBAI
CUST-0070,2022-04-02,Affiliate,328.39,mumbai 
CUST-0071,2023-03-19,Affiliate,328.21,Delhi
CUST-0072,2023-02-08,Social_Ads,864.41,Bombay
CUST-0073,2022-04-24,Organic,0.0,BANGALORE
CUST-0074,2023-02-25,Social_Ads,894.51,Bangalore
CUST-0075,2022-12-04,Paid_Search,394.76,mumbai 
CUST-0076,2023-05-11,Social_Ads,887.46,mumbai 
CUST-0077,2023-03-08,Affiliate,304.35,Delhi
CUST-0078,2022-04-02,Organic,0.0,bengaluru
CUST-0079,2022-11-02,Organic,0.0,mumbai 
CUST-0080,2022-09-19,Affiliate,253.88, delhi
CUST-0081,2022-01-23,Paid_Search,487.58,Bengaluru
CUST-0082,2022-08-09,Paid_Search,372.6,bengaluru
CUST-0083,2023-03-11,Social_Ads,679.88,DELHI
CUST-0084,2022-07-29,Social_Ads,744.38, delhi
CUST-0085,2022-03-07,Social_Ads,701.39, delhi
CUST-0086,2023-01-19,Affiliate,348.34, delhi
CUST-0087,2022-10-08,Social_Ads,906.79,bengaluru
CUST-0088,2022-08-09,Social_Ads,891.44,mumbai 
CUST-0089,2022-08-15,Affiliate,321.08,BANGALORE
CUST-0090,2022-02-13,Paid_Search,411.08, delhi
CUST-0091,2023-02-24,Social_Ads,944.64,MUMBAI
CUST-0092,2023-02-17,Social_Ads,703.72,Mumbai
CUST-0093,2022-09-01,Organic,0.0,Mumbai
CUST-0094,2023-03-30,Affiliate,315.57,Bangalore
CUST-0095,2022-07-24,Affiliate,269.28,Bengaluru
CUST-0096,2022-04-23,Organic,0.0,BANGALORE
CUST-0097,2022-05-08,Organic,0.0,Delhi
CUST-0098,2023-02-15,Affiliate,295.76,mumbai 
CUST-0099,2023-02-22,Affiliate,326.31, delhi
CUST-0100,2022-08-17,Affiliate,347.66, delhi
CUST-0101,2022-05-13,Affiliate,330.21,bengaluru
CUST-0102,2022-05-03,Affiliate,272.95,Delhi
CUST-0103,2022-05-20,Social_Ads,747.47,Mumbai
CUST-0104,2022-04-29,Paid_Search,428.95,MUMBAI
CUST-0105,2022-08-01,Paid_Search,433.37,Bombay
CUST-0106,2022-04-16,Affiliate,339.95,Bombay
CUST-0107,2022-07-14,Organic,0.0,DELHI
CUST-0108,2023-03-13,Social_Ads,925.33,BANGALORE
CUST-0109,2022-04-23,Paid_Search,409.13,BANGALORE
CUST-0110,2022-06-22,Organic,0.0,BANGALORE
CUST-0111,2023-04-16,Paid_Search,382.97,Bengaluru
CUST-0112,2022-10-16,Affiliate,319.56,Delhi
CUST-0113,2023-03-20,Affiliate,295.4,Mumbai
CUST-0114,2022-06-17,Social_Ads,707.73,bengaluru
CUST-0115,2022-05-23,Social_Ads,880.64,BANGALORE
CUST-0116,2022-08-29,Social_Ads,646.2,Mumbai
CUST-0117,2022-11-29,Social_Ads,661.96,Mumbai
CUST-0118,2022-04-13,Organic,0.0,MUMBAI
CUST-0119,2022-08-31,Paid_Search,480.5,MUMBAI
CUST-0120,2022-05-12,Affiliate,332.03,Delhi
CUST-0121,2023-05-09,Organic,0.0,Mumbai
CUST-0122,2022-12-13,Social_Ads,930.57,DELHI
CUST-0123,2022-04-12,Affiliate,249.12, delhi
CUST-0124,2022-12-23,Paid_Search,499.05,Mumbai
CUST-0125,2022-09-30,Organic,0.0,bengaluru
CUST-0126,2022-11-28,Organic,0.0,DELHI
CUST-0127,2022-08-10,Affiliate,355.29,Bombay
CUST-0128,2022-04-01,Paid_Search,492.08,bengaluru
CUST-0129,2022-08-12,Affiliate,339.09,bengaluru
CUST-0130,2023-03-02,Social_Ads,939.08,mumbai 
CUST-0131,2023-01-20,Affiliate,295.77,Bombay
CUST-0132,2022-09-11,Social_Ads,912.3,MUMBAI
CUST-0133,2022-07-01,Affiliate,335.74,mumbai 
CUST-0134,2022-12-26,Social_Ads,921.63, delhi
CUST-0135,2023-05-01,Organic,0.0,Delhi
CUST-0136,2022-10-12,Affiliate,330.98,BANGALORE
CUST-0137,2023-02-10,Affiliate,242.07,bengaluru
CUST-0138,2022-12-21,Paid_Search,403.79,bengaluru
CUST-0139,2022-09-29,Affiliate,281.25, delhi
CUST-0140,2022-12-26,Social_Ads,785.2,bengaluru
CUST-0141,2022-03-03,Social_Ads,870.81,mumbai 
CUST-0142,2022-10-02,Organic,0.0, delhi
CUST-0143,2022-04-21,Paid_Search,492.95,mumbai 
CUST-0144,2023-03-03,Social_Ads,702.12,MUMBAI
CUST-0145,2022-06-04,Social_Ads,644.53,MUMBAI
CUST-0146,2023-05-14,Social_Ads,657.45,mumbai 
CUST-0147,2023-03-21,Paid_Search,495.5,Delhi
CUST-0148,2022-05-26,Organic,0.0,DELHI
CUST-0149,2023-05-10,Social_Ads,656.44,Bombay
CUST-0150,2022-07-25,Organic,0.0,Mumbai
CUST-0151,2023-02-20,Paid_Search,461.31,mumbai 
CUST-0152,2022-03-02,Organic,0.0,Bombay
CUST-0153,2022-07-14,Paid_Search,441.09,DELHI
CUST-0154,2022-08-08,Social_Ads,737.72, delhi
CUST-0155,2023-05-07,Organic,0.0,Delhi
CUST-0156,2022-12-05,Paid_Search,374.61,Bangalore
CUST-0157,2022-02-08,Paid_Search,388.18,DELHI
CUST-0158,2022-11-01,Affiliate,296.39,Delhi
CUST-0159,2022-12-28,Paid_Search,410.89,BANGALORE
CUST-0160,2022-04-30,Organic,0.0, delhi
CUST-0161,2022-02-28,Paid_Search,458.02,Bangalore
CUST-0162,2022-02-06,Social_Ads,659.08,mumbai 
CUST-0163,2022-03-05,Social_Ads,789.98,bengaluru
CUST-0164,2022-09-14,Affiliate,304.8,BANGALORE
CUST-0165,2022-01-21,Organic,0.0, delhi
CUST-0166,2022-05-09,Social_Ads,648.28,Delhi
CUST-0167,2023-02-25,Organic,0.0,Delhi
CUST-0168,2022-09-23,Paid_Search,477.27,bengaluru
CUST-0169,2022-08-12,Paid_Search,474.26,DELHI
CUST-0170,2022-06-28,Organic,0.0,bengaluru
CUST-0171,2022-06-18,Organic,0.0,Bombay
CUST-0172,2023-04-29,Social_Ads,768.14, delhi
CUST-0173,2022-02-15,Organic,0.0,bengaluru
CUST-0174,2023-03-19,Organic,0.0,Bengaluru
CUST-0175,2022-01-28,Affiliate,262.51,bengaluru
CUST-0176,2022-08-15,Affiliate,331.2,Delhi
CUST-0177,2022-03-09,Social_Ads,936.86,DELHI
CUST-0178,2022-01-15,Affiliate,356.78,MUMBAI
CUST-0179,2022-10-10,Paid_Search,362.46,BANGALORE
CUST-0180,2023-03-07,Organic,0.0,Bombay
CUST-0181,2023-03-03,Organic,0.0, delhi
CUST-0182,2022-12-28,Social_Ads,727.5,DELHI
CUST-0183,2022-08-22,Affiliate,306.15,Bombay
CUST-0184,2022-09-18,Paid_Search,494.33,Delhi
CUST-0185,2023-01-31,Organic,0.0,BANGALORE
CUST-0186,2022-05-17,Social_Ads,902.58,DELHI
CUST-0187,2022-10-24,Social_Ads,959.65,DELHI
CUST-0188,2022-10-03,Paid_Search,447.18,bengaluru
CUST-0189,2023-04-23,Affiliate,278.61,Bangalore
CUST-0190,2022-07-16,Paid_Search,402.04,DELHI
CUST-0191,2023-01-17,Organic,0.0,BANGALORE
CUST-0192,2023-02-10,Affiliate,338.49,Delhi
CUST-0193,2022-03-06,Affiliate,300.27,mumbai 
CUST-0194,2022-02-21,Organic,0.0,BANGALORE
CUST-0195,2022-03-15,Organic,0.0, delhi
CUST-0196,2022-08-29,Paid_Search,500.67,mumbai 
CUST-0197,2022-12-21,Social_Ads,767.19,Delhi
CUST-0198,2023-03-16,Social_Ads,810.76,DELHI
CUST-0199,2022-01-19,Affiliate,314.1,Delhi
CUST-0200,2023-01-18,Social_Ads,668.92,Mumbai
CUST-0201,2022-03-27,Organic,0.0,Bengaluru
CUST-0202,2023-02-12,Organic,0.0,bengaluru
CUST-0203,2022-03-16,Social_Ads,718.14,BANGALORE
CUST-0204,2022-03-31,Paid_Search,374.21,Bombay
CUST-0205,2023-04-13,Paid_Search,464.97,Bangalore
CUST-0206,2022-05-11,Affiliate,295.15, delhi
CUST-0207,2023-04-07,Organic,0.0,Bangalore
CUST-0208,2023-04-29,Organic,0.0,bengaluru
CUST-0209,2022-05-09,Affiliate,294.82,DELHI
CUST-0210,2023-03-13,Paid_Search,446.98,Bangalore
CUST-0211,2022-07-03,Affiliate,308.98, delhi
CUST-0212,2023-05-16,Social_Ads,905.61,Bombay
CUST-0213,2022-10-17,Social_Ads,916.82,Mumbai
CUST-0214,2023-02-02,Affiliate,335.86,bengaluru
CUST-0215,2022-04-08,Paid_Search,471.76, delhi
CUST-0216,2022-02-19,Paid_Search,522.61, delhi
CUST-0217,2023-02-08,Organic,0.0,bengaluru
CUST-0218,2023-04-11,Paid_Search,413.12,Bombay
CUST-0219,2022-03-09,Paid_Search,501.57,mumbai 
CUST-0220,2022-05-12,Social_Ads,932.5,Bombay
CUST-0221,2023-03-22,Social_Ads,748.39,Delhi
CUST-0222,2022-03-14,Affiliate,330.5,MUMBAI
CUST-0223,2022-07-07,Affiliate,250.84,DELHI
CUST-0224,2022-10-02,Organic,0.0,bengaluru
CUST-0225,2022-07-15,Social_Ads,903.17,DELHI
CUST-0226,2022-04-30,Organic,0.0, delhi
CUST-0227,2022-04-24,Social_Ads,847.25, delhi
CUST-0228,2022-06-04,Affiliate,317.91,Delhi
CUST-0229,2023-04-30,Paid_Search,366.7,Bombay
CUST-0230,2022-05-01,Organic,0.0,MUMBAI
CUST-0231,2022-07-09,Affiliate,320.46,BANGALORE
CUST-0232,2022-12-02,Paid_Search,377.82,BANGALORE
CUST-0233,2022-01-17,Affiliate,322.83,Bangalore
CUST-0234,2023-05-02,Affiliate,268.33,bengaluru
CUST-0235,2022-07-08,Organic,0.0, delhi
CUST-0236,2022-07-23,Social_Ads,728.28,Mumbai
CUST-0237,2022-12-06,Affiliate,265.45,Mumbai
CUST-0238,2022-05-05,Organic,0.0,Bangalore
CUST-0239,2022-04-17,Organic,0.0,Delhi
CUST-0240,2023-02-08,Social_Ads,928.17,Mumbai
CUST-0241,2022-03-08,Social_Ads,812.87,MUMBAI
CUST-0242,2023-03-20,Organic,0.0,Delhi
CUST-0243,2022-10-29,Social_Ads,743.61,MUMBAI
CUST-0244,2022-03-06,Social_Ads,877.35,Mumbai
CUST-0245,2022-08-18,Organic,0.0,Bengaluru
CUST-0246,2022-04-24,Affiliate,353.45,Delhi
CUST-0247,2022-11-26,Social_Ads,948.49,Bengaluru
CUST-0248,2022-08-07,Affiliate,322.33,BANGALORE
CUST-0249,2023-04-06,Affiliate,249.69,MUMBAI
CUST-0250,2022-05-21,Organic,0.0,mumbai 
CUST-0251,2022-09-29,Affiliate,275.39, delhi
CUST-0252,2023-02-11,Affiliate,324.21,MUMBAI
CUST-0253,2023-03-31,Affiliate,267.42,bengaluru
CUST-0254,2022-08-01,Affiliate,327.55,bengaluru
CUST-0255,2022-12-07,Affiliate,270.59,Bangalore
CUST-0256,2022-02-16,Affiliate,339.81,Mumbai
CUST-0257,2023-01-17,Affiliate,328.66,MUMBAI
CUST-0258,2023-05-05,Organic,0.0,DELHI
CUST-0259,2022-07-01,Organic,0.0,BANGALORE
CUST-0260,2022-11-04,Organic,0.0,Bengaluru
CUST-0261,2022-12-03,Paid_Search,446.79,Mumbai
CUST-0262,2022-07-08,Social_Ads,676.76,DELHI
CUST-0263,2023-03-09,Paid_Search,460.97,Bengaluru
CUST-0264,2022-04-03,Social_Ads,727.45,mumbai 
CUST-0265,2022-01-04,Social_Ads,698.05,Bangalore
CUST-0266,2022-03-14,Affiliate,328.92,Mumbai
CUST-0267,2022-09-29,Organic,0.0,DELHI
CUST-0268,2022-03-22,Affiliate,284.41,bengaluru
CUST-0269,2022-03-21,Organic,0.0,Mumbai
CUST-0270,2022-08-15,Organic,0.0,BANGALORE
CUST-0271,2022-05-20,Affiliate,265.87,Bengaluru
CUST-0272,2022-02-26,Social_Ads,730.64,BANGALORE
CUST-0273,2022-04-23,Social_Ads,766.48,Mumbai
CUST-0274,2022-06-04,Organic,0.0,MUMBAI
CUST-0275,2022-06-17,Social_Ads,678.39,BANGALORE
CUST-0276,2022-03-08,Affiliate,285.62,MUMBAI
CUST-0277,2022-07-23,Social_Ads,915.76,Mumbai
CUST-0278,2022-08-24,Affiliate,350.54,mumbai 
CUST-0279,2022-07-27,Affiliate,325.14,DELHI
CUST-0280,2022-07-27,Social_Ads,646.67,mumbai 
CUST-0281,2022-08-24,Paid_Search,509.76,DELHI
CUST-0282,2023-03-09,Organic,0.0,BANGALORE
CUST-0283,2022-02-10,Affiliate,287.49,DELHI
CUST-0284,2022-06-20,Social_Ads,889.32,Mumbai
CUST-0285,2022-09-19,Organic,0.0,DELHI
CUST-0286,2023-05-06,Social_Ads,902.06,Delhi
CUST-0287,2022-03-16,Paid_Search,406.07,MUMBAI
CUST-0288,2022-02-08,Paid_Search,391.89, delhi
CUST-0289,2023-01-22,Affiliate,307.65,BANGALORE
CUST-0290,2022-06-11,Social_Ads,688.31,Delhi
CUST-0291,2022-11-20,Affiliate,276.34,bengaluru
CUST-0292,2022-09-17,Organic,0.0,BANGALORE
CUST-0293,2022-01-30,Affiliate,284.25,mumbai 
CUST-0294,2023-03-19,Organic,0.0,Delhi
CUST-0295,2022-10-25,Affiliate,306.52,Bengaluru
CUST-0296,2022-11-30,Affiliate,262.59, delhi
CUST-0297,2022-03-19,Affiliate,354.93,DELHI
CUST-0298,2023-01-01,Organic,0.0,Bangalore
CUST-0299,2022-12-29,Organic,0.0,Bombay
CUST-0300,2022-07-10,Paid_Search,525.23,BANGALORE
CUST-0301,2022-12-14,Affiliate,311.75,bengaluru
CUST-0302,2022-02-18,Organic,0.0,BANGALORE
CUST-0303,2023-01-06,Social_Ads,912.5,Bangalore
CUST-0304,2022-10-26,Social_Ads,852.36,mumbai 
CUST-0305,2022-12-24,Social_Ads,851.88,Delhi
CUST-0306,2022-10-14,Organic,0.0,bengaluru
CUST-0307,2022-12-26,Paid_Search,509.21, delhi
CUST-0308,2022-12-10,Organic,0.0,DELHI
CUST-0309,2022-06-08,Organic,0.0,Bangalore
CUST-0310,2022-04-09,Social_Ads,712.49,Bangalore
CUST-0311,2022-06-01,Paid_Search,512.0,Mumbai
CUST-0312,2022-06-22,Organic,0.0, delhi
CUST-0313,2022-07-12,Paid_Search,387.77,Delhi
CUST-0314,2022-08-13,Paid_Search,367.86,DELHI
CUST-0315,2022-11-09,Paid_Search,411.29,BANGALORE
CUST-0316,2022-05-03,Paid_Search,415.7,DELHI
CUST-0317,2022-12-14,Paid_Search,530.48,BANGALORE
CUST-0318,2023-02-03,Affiliate,285.82,BANGALORE
CUST-0319,2023-02-15,Paid_Search,468.84,mumbai 
CUST-0320,2022-09-04,Organic,0.0, delhi
CUST-0321,2023-03-10,Organic,0.0,Delhi
CUST-0322,2023-01-26,Social_Ads,691.3,Bombay
CUST-0323,2022-02-16,Paid_Search,530.35,Bangalore
CUST-0324,2023-04-22,Affiliate,243.2,Bengaluru
CUST-0325,2022-07-11,Affiliate,268.29,Delhi
CUST-0326,2022-01-15,Social_Ads,741.98,Mumbai
CUST-0327,2022-03-12,Social_Ads,652.26,Bombay
CUST-0328,2022-08-29,Paid_Search,440.75,Delhi
CUST-0329,2022-05-12,Organic,0.0,MUMBAI
CUST-0330,2023-02-02,Affiliate,274.57,mumbai 
CUST-0331,2022-05-03,Organic,0.0,Bombay
CUST-0332,2023-03-05,Organic,0.0,Mumbai
CUST-0333,2022-03-15,Paid_Search,412.43,Delhi
CUST-0334,2022-10-20,Social_Ads,773.3,Mumbai
CUST-0335,2023-05-04,Social_Ads,808.34,Mumbai
CUST-0336,2022-01-23,Affiliate,316.28,bengaluru
CUST-0337,2022-01-09,Social_Ads,754.27,Delhi
CUST-0338,2023-01-11,Social_Ads,850.27,Mumbai
CUST-0339,2022-01-23,Social_Ads,752.74,mumbai 
CUST-0340,2022-08-26,Paid_Search,536.55,DELHI
CUST-0341,2022-02-02,Paid_Search,488.89,Bombay
CUST-0342,2022-04-14,Organic,0.0,Bangalore
CUST-0343,2023-04-23,Organic,0.0,BANGALORE
CUST-0344,2022-01-19,Affiliate,330.39,Bangalore
CUST-0345,2023-03-18,Social_Ads,889.87,bengaluru
CUST-0346,2023-02-14,Social_Ads,757.77,Bombay
CUST-0347,2022-06-23,Affiliate,356.85,BANGALORE
CUST-0348,2023-04-19,Affiliate,335.67,bengaluru
CUST-0349,2022-08-06,Organic,0.0, delhi
CUST-0350,2022-05-31,Paid_Search,417.82,Delhi
CUST-0351,2022-06-01,Social_Ads,738.08, delhi
CUST-0352,2022-12-20,Affiliate,293.27,Bombay
CUST-0353,2023-03-22,Organic,0.0, delhi
CUST-0354,2022-11-24,Affiliate,357.6,Bengaluru
CUST-0355,2022-11-23,Organic,0.0, delhi
CUST-0356,2022-03-15,Paid_Search,512.76,Bombay
CUST-0357,2022-02-04,Organic,0.0,mumbai 
CUST-0358,2023-05-02,Social_Ads,821.52,Bangalore
CUST-0359,2022-07-10,Affiliate,293.27,Bengaluru
CUST-0360,2022-07-07,Paid_Search,431.65, delhi
CUST-0361,2023-05-07,Social_Ads,676.3,MUMBAI
CUST-0362,2022-07-18,Affiliate,349.63,Delhi
CUST-0363,2022-12-27,Social_Ads,782.81,bengaluru
CUST-0364,2022-03-04,Affiliate,256.29,Mumbai
CUST-0365,2023-04-06,Affiliate,325.6,Mumbai
CUST-0366,2022-06-27,Social_Ads,867.05, delhi
CUST-0367,2023-03-12,Social_Ads,690.4,Bangalore
CUST-0368,2022-04-25,Social_Ads,678.84,Delhi
CUST-0369,2023-02-09,Paid_Search,448.92,mumbai 
CUST-0370,2023-02-16,Social_Ads,954.56,Bangalore
CUST-0371,2022-06-08,Organic,0.0,Bombay
CUST-0372,2023-02-26,Affiliate,308.99,Bangalore
CUST-0373,2022-02-07,Social_Ads,783.99, delhi
CUST-0374,2023-03-26,Social_Ads,905.3,MUMBAI
CUST-0375,2022-09-15,Paid_Search,523.93,Bengaluru
CUST-0376,2022-03-20,Organic,0.0,Delhi
CUST-0377,2022-04-26,Social_Ads,750.73, delhi
CUST-0378,2022-05-09,Social_Ads,702.82,mumbai 
CUST-0379,2022-06-05,Paid_Search,470.6,Delhi
CUST-0380,2023-04-28,Paid_Search,464.52,Delhi
CUST-0381,2022-01-22,Social_Ads,904.08,Delhi
CUST-0382,2023-05-01,Organic,0.0,mumbai 
CUST-0383,2022-08-02,Paid_Search,471.26,Delhi
CUST-0384,2022-10-07,Affiliate,274.76,DELHI
CUST-0385,2023-02-17,Affiliate,336.88,Bombay
CUST-0386,2022-02-07,Social_Ads,860.36,Bangalore
CUST-0387,2022-09-05,Affiliate,295.73,bengaluru
CUST-0388,2023-03-18,Paid_Search,489.31,bengaluru
CUST-0389,2023-01-25,Affiliate,284.46,Mumbai
CUST-0390,2022-08-27,Social_Ads,679.21,Bombay
CUST-0391,2022-02-19,Paid_Search,369.11,Bombay
CUST-0392,2023-05-08,Affiliate,343.84,MUMBAI
CUST-0393,2023-01-05,Social_Ads,740.07,Delhi
CUST-0394,2022-08-28,Affiliate,299.85,DELHI
CUST-0395,2022-02-16,Affiliate,353.43,Bombay
CUST-0396,2022-10-26,Paid_Search,423.52,Mumbai
CUST-0397,2022-11-02,Social_Ads,922.35,BANGALORE
CUST-0398,2022-01-05,Social_Ads,911.1,DELHI
CUST-0399,2023-01-08,Paid_Search,425.84,BANGALORE
CUST-0400,2022-07-25,Social_Ads,656.37,MUMBAI
CUST-0401,2022-05-28,Social_Ads,663.53, delhi
CUST-0402,2022-05-24,Affiliate,339.04, delhi
CUST-0403,2023-05-15,Organic,0.0,mumbai 
CUST-0404,2023-04-26,Social_Ads,756.99,Delhi
CUST-0405,2022-09-18,Paid_Search,432.25,Delhi
CUST-0406,2022-03-12,Organic,0.0,Bombay
CUST-0407,2022-11-07,Affiliate,347.18,MUMBAI
CUST-0408,2022-06-13,Social_Ads,692.0, delhi
CUST-0409,2022-06-22,Social_Ads,802.34, delhi
CUST-0410,2022-10-16,Affiliate,275.97,Delhi
CUST-0411,2022-12-11,Social_Ads,675.07,BANGALORE
CUST-0412,2023-03-23,Social_Ads,860.17,Delhi
CUST-0413,2023-05-11,Affiliate,318.67,Bangalore
CUST-0414,2022-09-03,Organic,0.0, delhi
CUST-0415,2023-02-25,Affiliate,321.69,Mumbai
CUST-0416,2022-01-10,Organic,0.0,Bombay
CUST-0417,2022-12-20,Paid_Search,396.7,BANGALORE
CUST-0418,2022-03-12,Organic,0.0, delhi
CUST-0419,2022-09-02,Social_Ads,808.15,DELHI
CUST-0420,2023-04-13,Paid_Search,455.96,bengaluru
CUST-0421,2022-09-05,Social_Ads,701.52,Delhi
CUST-0422,2022-06-02,Social_Ads,711.96,DELHI
CUST-0423,2022-04-17,Social_Ads,860.88,DELHI
CUST-0424,2022-06-28,Social_Ads,819.36,bengaluru
CUST-0425,2022-10-21,Social_Ads,856.52,Bombay
CUST-0426,2023-05-04,Affiliate,332.77,Bangalore
CUST-0427,2022-05-28,Social_Ads,945.7,Mumbai
CUST-0428,2022-12-02,Social_Ads,722.06,BANGALORE
CUST-0429,2023-02-28,Paid_Search,456.94,mumbai 
CUST-0430,2022-11-12,Paid_Search,493.36,MUMBAI
CUST-0431,2022-12-09,Paid_Search,522.93,MUMBAI
CUST-0432,2022-02-21,Paid_Search,434.39,Bombay
CUST-0433,2023-01-30,Organic,0.0, delhi
CUST-0434,2022-12-01,Paid_Search,528.31,BANGALORE
CUST-0435,2022-04-13,Affiliate,330.71,DELHI
CUST-0436,2022-11-27,Social_Ads,658.93,Bengaluru
CUST-0437,2023-01-14,Paid_Search,490.16,Delhi
CUST-0438,2023-03-28,Paid_Search,510.77,Bengaluru
CUST-0439,2022-04-06,Affiliate,352.39,bengaluru
CUST-0440,2022-06-02,Organic,0.0,Mumbai
CUST-0441,2022-08-21,Social_Ads,956.51,BANGALORE
CUST-0442,2022-08-28,Paid_Search,409.11,Delhi
CUST-0443,2023-01-10,Social_Ads,786.85,mumbai 
CUST-0444,2023-01-13,Paid_Search,420.68,mumbai 
CUST-0445,2022-11-09,Paid_Search,514.11,Bombay
CUST-0446,2022-06-17,Affiliate,250.41, delhi
CUST-0447,2022-03-13,Organic,0.0,MUMBAI
CUST-0448,2022-07-16,Organic,0.0,bengaluru
CUST-0449,2022-10-26,Social_Ads,871.32,Bengaluru
CUST-0450,2022-07-04,Social_Ads,861.69,Delhi
CUST-0451,2022-06-07,Organic,0.0,bengaluru
CUST-0452,2023-04-15,Organic,0.0,DELHI
CUST-0453,2023-05-06,Paid_Search,384.04,MUMBAI
CUST-0454,2022-11-07,Affiliate,284.83, delhi
CUST-0455,2023-02-15,Affiliate,319.69,Delhi
CUST-0456,2023-01-22,Paid_Search,467.25,Delhi
CUST-0457,2022-12-27,Affiliate,283.41, delhi
CUST-0458,2023-03-01,Organic,0.0,MUMBAI
CUST-0459,2022-06-17,Paid_Search,513.81,Bombay
CUST-0460,2022-04-16,Organic,0.0,DELHI
CUST-0461,2022-08-17,Organic,0.0,DELHI
CUST-0462,2022-08-01,Paid_Search,442.22,Delhi
CUST-0463,2023-02-18,Affiliate,276.98,Delhi
CUST-0464,2023-02-23,Affiliate,240.36,Bangalore
CUST-0465,2022-08-05,Organic,0.0,Mumbai
CUST-0466,2023-04-24,Organic,0.0,mumbai 
CUST-0467,2023-01-29,Affiliate,256.25,Bombay
CUST-0468,2022-08-18,Social_Ads,918.28,BANGALORE
CUST-0469,2022-12-16,Affiliate,355.7,MUMBAI
CUST-0470,2022-04-02,Social_Ads,957.71,Bombay
CUST-0471,2022-04-25,Paid_Search,510.27,Delhi
CUST-0472,2022-12-11,Social_Ads,870.11,BANGALORE
CUST-0473,2022-05-07,Affiliate,295.28,MUMBAI
CUST-0474,2023-04-25,Social_Ads,920.07,Mumbai
CUST-0475,2022-08-03,Organic,0.0,Delhi
CUST-0476,2022-02-04,Paid_Search,378.16,Mumbai
CUST-0477,2022-12-11,Affiliate,324.39,Delhi
CUST-0478,2022-01-23,Paid_Search,432.41,Delhi
CUST-0479,2022-03-13,Paid_Search,450.7,mumbai 
CUST-0480,2022-10-22,Paid_Search,417.4, delhi
CUST-0481,2022-06-04,Social_Ads,920.4,MUMBAI
CUST-0482,2022-05-21,Affiliate,247.31,Bangalore
CUST-0483,2022-09-11,Affiliate,245.63,DELHI
CUST-0484,2022-06-13,Affiliate,323.56,DELHI
CUST-0485,2022-07-12,Paid_Search,393.1,BANGALORE
CUST-0486,2022-06-03,Paid_Search,514.36,MUMBAI
CUST-0487,2022-10-15,Affiliate,289.52,Bombay
CUST-0488,2022-05-05,Paid_Search,405.9,bengaluru
CUST-0489,2023-03-10,Organic,0.0,Bangalore
CUST-0490,2022-07-13,Organic,0.0,Bengaluru
CUST-0491,2023-02-16,Organic,0.0,MUMBAI
CUST-0492,2023-03-22,Affiliate,348.84,mumbai 
CUST-0493,2023-04-25,Organic,0.0,Mumbai
CUST-0494,2022-12-23,Affiliate,312.53,MUMBAI
CUST-0495,2022-10-10,Affiliate,278.59,mumbai 
CUST-0496,2022-10-01,Affiliate,317.85,bengaluru
CUST-0497,2022-09-20,Social_Ads,922.5,BANGALORE
CUST-0498,2022-08-29,Organic,0.0,DELHI
CUST-0499,2022-06-10,Paid_Search,434.51,Bangalore
CUST-0500,2022-05-14,Paid_Search,459.6,Bombay
CUST-0501,2022-04-11,Social_Ads,745.56,Bombay
CUST-0502,2022-10-09,Paid_Search,477.83,bengaluru
CUST-0503,2023-05-10,Social_Ads,871.54,BANGALORE
CUST-0504,2023-01-11,Affiliate,335.4,MUMBAI
CUST-0505,2022-10-07,Paid_Search,447.9, delhi
CUST-0506,2022-01-18,Organic,0.0,Delhi
CUST-0507,2022-07-31,Organic,0.0,MUMBAI
CUST-0508,2022-03-19,Organic,0.0, delhi
CUST-0509,2022-01-31,Affiliate,314.14,BANGALORE
CUST-0510,2022-01-04,Affiliate,303.87,Bombay
CUST-0511,2022-09-29,Organic,0.0,mumbai 
CUST-0512,2023-02-21,Organic,0.0,DELHI
CUST-0513,2023-04-16,Paid_Search,377.34,MUMBAI
CUST-0514,2022-11-14,Paid_Search,454.76,mumbai 
CUST-0515,2022-02-10,Social_Ads,759.38,BANGALORE
CUST-0516,2022-05-05,Affiliate,358.83,Delhi
CUST-0517,2023-02-28,Social_Ads,911.32, delhi
CUST-0518,2022-07-27,Organic,0.0,Bombay
CUST-0519,2022-01-05,Organic,0.0,Delhi
CUST-0520,2022-11-27,Affiliate,334.13,Bengaluru
CUST-0521,2022-04-19,Organic,0.0,Bombay
CUST-0522,2023-04-19,Social_Ads,663.79,mumbai 
CUST-0523,2023-04-21,Organic,0.0,Mumbai
CUST-0524,2022-03-15,Paid_Search,495.41, delhi
CUST-0525,2022-06-03,Affiliate,259.49,MUMBAI
CUST-0526,2023-04-05,Affiliate,304.87,DELHI
CUST-0527,2023-01-06,Paid_Search,374.12, delhi
CUST-0528,2022-02-20,Social_Ads,779.87,Mumbai
CUST-0529,2023-01-29,Social_Ads,836.44, delhi
CUST-0530,2022-01-16,Affiliate,316.09,BANGALORE
CUST-0531,2022-07-02,Affiliate,306.36,Bombay
CUST-0532,2022-12-15,Affiliate,310.31,Bombay
CUST-0533,2022-06-01,Organic,0.0, delhi
CUST-0534,2022-05-18,Organic,0.0,MUMBAI
CUST-0535,2022-07-04,Affiliate,252.79,Bengaluru
CUST-0536,2022-07-04,Social_Ads,883.63,Bengaluru
CUST-0537,2022-04-06,Paid_Search,437.58,Bombay
CUST-0538,2022-02-15,Organic,0.0,Mumbai
CUST-0539,2022-01-07,Social_Ads,733.39,BANGALORE
CUST-0540,2023-04-07,Organic,0.0,Delhi
CUST-0541,2022-07-14,Paid_Search,390.51,DELHI
CUST-0542,2022-09-10,Social_Ads,686.7,Bangalore
CUST-0543,2022-08-04,Affiliate,275.97,Bengaluru
CUST-0544,2023-04-29,Social_Ads,718.91,BANGALORE
CUST-0545,2022-02-24,Paid_Search,384.39,Bengaluru
CUST-0546,2023-03-07,Affiliate,314.42,bengaluru
CUST-0547,2022-08-09,Affiliate,337.86,Bangalore
CUST-0548,2022-11-05,Social_Ads,943.13,Bangalore
CUST-0549,2022-04-01,Affiliate,355.75,bengaluru
CUST-0550,2022-12-22,Social_Ads,842.53, delhi
CUST-0551,2022-07-12,Paid_Search,410.45,BANGALORE
CUST-0552,2023-04-23,Social_Ads,820.43,MUMBAI
CUST-0553,2022-08-25,Organic,0.0,Delhi
CUST-0554,2023-03-02,Affiliate,323.14,BANGALORE
CUST-0555,2022-11-21,Affiliate,276.34,mumbai 
CUST-0556,2022-08-05,Paid_Search,502.03,Delhi
CUST-0557,2022-09-03,Affiliate,309.87, delhi
CUST-0558,2022-01-19,Affiliate,334.89,DELHI
CUST-0559,2023-01-29,Organic,0.0,mumbai 
CUST-0560,2022-11-10,Paid_Search,367.97, delhi
CUST-0561,2023-05-10,Affiliate,335.55,Bengaluru
CUST-0562,2022-05-13,Organic,0.0,MUMBAI
CUST-0563,2022-07-20,Affiliate,295.57,Bangalore
CUST-0564,2022-09-05,Social_Ads,673.46,Bombay
CUST-0565,2023-03-02,Organic,0.0,MUMBAI
CUST-0566,2022-06-25,Social_Ads,785.71,Bangalore
CUST-0567,2022-09-01,Affiliate,251.71,BANGALORE
CUST-0568,2022-06-03,Social_Ads,654.3,Mumbai
CUST-0569,2022-11-28,Organic,0.0,Bangalore
CUST-0570,2022-03-31,Paid_Search,459.34,DELHI
CUST-0571,2022-04-29,Affiliate,335.73,Bangalore
CUST-0572,2022-12-03,Paid_Search,437.78,Delhi
CUST-0573,2022-10-31,Paid_Search,437.32,Bengaluru
CUST-0574,2022-05-23,Paid_Search,495.42,Mumbai
CUST-0575,2022-04-06,Organic,0.0,Delhi
CUST-0576,2022-05-15,Affiliate,320.48,Bombay
CUST-0577,2022-07-18,Social_Ads,835.62, delhi
CUST-0578,2022-06-30,Organic,0.0,Bangalore
CUST-0579,2022-10-30,Social_Ads,667.12,Delhi
CUST-0580,2022-05-03,Social_Ads,737.72,MUMBAI
CUST-0581,2022-03-14,Social_Ads,803.46,DELHI
CUST-0582,2022-07-16,Paid_Search,436.15,DELHI
CUST-0583,2022-03-27,Paid_Search,448.14,Delhi
CUST-0584,2023-03-08,Paid_Search,441.18,Bengaluru
CUST-0585,2022-09-06,Social_Ads,683.69,Bombay
CUST-0586,2022-12-17,Affiliate,299.01,BANGALORE
CUST-0587,2022-02-12,Affiliate,307.85,MUMBAI
CUST-0588,2022-05-21,Social_Ads,711.95,mumbai 
CUST-0589,2022-10-17,Paid_Search,493.65,BANGALORE
CUST-0590,2022-02-28,Organic,0.0, delhi
CUST-0591,2023-02-26,Social_Ads,882.17, delhi
CUST-0592,2022-04-22,Affiliate,358.77,Delhi
CUST-0593,2023-03-24,Paid_Search,539.88,BANGALORE
CUST-0594,2023-03-18,Social_Ads,901.35,BANGALORE
CUST-0595,2022-04-18,Organic,0.0,mumbai 
CUST-0596,2022-11-12,Affiliate,256.71,MUMBAI
CUST-0597,2022-10-19,Paid_Search,423.15,mumbai 
CUST-0598,2022-12-27,Paid_Search,412.67,bengaluru
CUST-0599,2023-05-08,Organic,0.0,Bombay
CUST-0600,2023-03-20,Organic,0.0,Bangalore
CUST-0601,2022-12-31,Paid_Search,417.98,MUMBAI
CUST-0602,2022-03-14,Affiliate,309.29,bengaluru
CUST-0603,2022-08-20,Affiliate,249.06,Bengaluru
CUST-0604,2023-01-19,Affiliate,273.39,DELHI
CUST-0605,2022-06-17,Affiliate,309.83,Bengaluru
CUST-0606,2022-12-07,Affiliate,323.67,Delhi
CUST-0607,2023-05-11,Affiliate,291.56,MUMBAI
CUST-0608,2022-06-15,Affiliate,339.4,bengaluru
CUST-0609,2023-03-13,Paid_Search,447.36,DELHI
CUST-0610,2022-02-20,Organic,0.0,Bombay
CUST-0611,2023-04-21,Organic,0.0,Bombay
CUST-0612,2023-05-06,Affiliate,291.34,MUMBAI
CUST-0613,2023-03-24,Social_Ads,938.47,mumbai 
CUST-0614,2022-07-04,Organic,0.0,DELHI
CUST-0615,2022-07-22,Paid_Search,472.61,MUMBAI
CUST-0616,2022-02-16,Affiliate,324.44,Delhi
CUST-0617,2022-02-09,Paid_Search,383.89,Bangalore
CUST-0618,2022-01-05,Affiliate,323.47,Mumbai
CUST-0619,2022-03-09,Affiliate,297.32,Delhi
CUST-0620,2023-01-10,Affiliate,336.71,Mumbai
CUST-0621,2023-03-28,Social_Ads,735.76,BANGALORE
CUST-0622,2022-12-13,Paid_Search,385.71, delhi
CUST-0623,2022-11-29,Organic,0.0,DELHI
CUST-0624,2023-01-19,Paid_Search,387.25,DELHI
CUST-0625,2022-02-14,Affiliate,347.59,MUMBAI
CUST-0626,2023-01-09,Organic,0.0,DELHI
CUST-0627,2022-05-07,Social_Ads,728.63,Mumbai
CUST-0628,2022-11-04,Paid_Search,468.0, delhi
CUST-0629,2022-01-14,Social_Ads,911.33, delhi
CUST-0630,2022-09-23,Social_Ads,834.22,MUMBAI
CUST-0631,2022-11-27,Affiliate,246.55,Bangalore
CUST-0632,2022-02-27,Affiliate,268.93,Bengaluru
CUST-0633,2023-04-24,Organic,0.0,BANGALORE
CUST-0634,2022-10-07,Affiliate,321.95,BANGALORE
CUST-0635,2022-10-28,Organic,0.0,mumbai 
CUST-0636,2023-04-18,Paid_Search,370.88,Bombay
CUST-0637,2022-12-31,Social_Ads,800.34,DELHI
CUST-0638,2022-07-25,Affiliate,249.89, delhi
CUST-0639,2022-02-12,Paid_Search,415.78,Bangalore
CUST-0640,2022-06-17,Paid_Search,430.33, delhi
CUST-0641,2022-12-24,Organic,0.0,Bangalore
CUST-0642,2022-02-14,Organic,0.0,Mumbai
CUST-0643,2022-11-08,Affiliate,246.6, delhi
CUST-0644,2022-01-07,Paid_Search,487.42,Mumbai
CUST-0645,2023-05-03,Paid_Search,422.41,bengaluru
CUST-0646,2022-03-06,Paid_Search,494.96,bengaluru
CUST-0647,2022-06-21,Organic,0.0,mumbai 
CUST-0648,2022-12-31,Organic,0.0,Bengaluru
CUST-0649,2022-09-19,Affiliate,283.21,BANGALORE
CUST-0650,2022-03-22,Paid_Search,405.92,Bengaluru
CUST-0651,2023-01-15,Organic,0.0,Mumbai
CUST-0652,2022-01-24,Organic,0.0,Bombay
CUST-0653,2023-04-22,Paid_Search,532.86,Mumbai
CUST-0654,2022-06-14,Affiliate,269.79,mumbai 
CUST-0655,2022-10-20,Social_Ads,759.3,Mumbai
CUST-0656,2023-02-16,Paid_Search,452.84,Mumbai
CUST-0657,2023-03-26,Affiliate,295.81,mumbai 
CUST-0658,2022-02-14,Social_Ads,816.99,Bengaluru
CUST-0659,2022-05-30,Social_Ads,820.42,mumbai 
CUST-0660,2022-07-08,Paid_Search,466.5,BANGALORE
CUST-0661,2023-04-07,Paid_Search,458.38,Delhi
CUST-0662,2023-04-23,Paid_Search,433.81,MUMBAI
CUST-0663,2023-03-06,Social_Ads,861.91,Delhi
CUST-0664,2023-01-24,Social_Ads,850.34,mumbai 
CUST-0665,2022-09-29,Organic,0.0,Bombay
CUST-0666,2023-05-13,Affiliate,359.64,mumbai 
CUST-0667,2023-04-17,Organic,0.0,Bombay
CUST-0668,2023-05-14,Social_Ads,879.33,Bengaluru
CUST-0669,2023-02-24,Paid_Search,430.98, delhi
CUST-0670,2022-12-06,Organic,0.0,Bangalore
CUST-0671,2023-03-12,Social_Ads,740.8,BANGALORE
CUST-0672,2022-08-20,Social_Ads,727.03,Bengaluru
CUST-0673,2023-02-04,Paid_Search,498.63,Mumbai
CUST-0674,2022-03-26,Paid_Search,440.92,mumbai 
CUST-0675,2022-10-02,Affiliate,282.99,MUMBAI
CUST-0676,2022-08-26,Affiliate,271.8,Bengaluru
CUST-0677,2023-02-18,Organic,0.0,Mumbai
CUST-0678,2022-03-17,Paid_Search,376.42,Bangalore
CUST-0679,2022-09-20,Social_Ads,655.66,bengaluru
CUST-0680,2022-01-16,Social_Ads,944.67,Bombay
CUST-0681,2022-08-25,Paid_Search,378.34,MUMBAI
CUST-0682,2022-02-01,Organic,0.0,MUMBAI
CUST-0683,2023-02-26,Paid_Search,432.1,Mumbai
CUST-0684,2022-01-12,Social_Ads,959.09,MUMBAI
CUST-0685,2022-02-17,Affiliate,348.61,mumbai 
CUST-0686,2023-04-28,Organic,0.0,MUMBAI
CUST-0687,2022-07-22,Affiliate,299.54,DELHI
CUST-0688,2022-07-01,Affiliate,265.77,MUMBAI
CUST-0689,2022-08-17,Social_Ads,922.7,Bengaluru
CUST-0690,2022-06-01,Paid_Search,449.8, delhi
CUST-0691,2022-02-14,Affiliate,273.57,MUMBAI
CUST-0692,2022-11-26,Affiliate,346.16,MUMBAI
CUST-0693,2023-02-05,Organic,0.0,BANGALORE
CUST-0694,2023-04-13,Affiliate,307.88,bengaluru
CUST-0695,2022-04-03,Affiliate,243.13,Bangalore
CUST-0696,2022-01-30,Organic,0.0,BANGALORE
CUST-0697,2022-04-30,Social_Ads,951.67,Delhi
CUST-0698,2022-05-04,Paid_Search,407.97, delhi
CUST-0699,2022-10-22,Organic,0.0,Bombay
CUST-0700,2022-04-01,Social_Ads,715.7,mumbai 
CUST-0701,2022-01-15,Social_Ads,865.1,DELHI
CUST-0702,2023-05-01,Paid_Search,393.88,DELHI
CUST-0703,2022-09-09,Social_Ads,652.15,Mumbai
CUST-0704,2022-04-23,Paid_Search,363.59,DELHI
CUST-0705,2023-04-15,Organic,0.0,Bangalore
CUST-0706,2022-04-01,Social_Ads,934.01,DELHI
CUST-0707,2022-03-17,Organic,0.0,MUMBAI
CUST-0708,2023-03-17,Organic,0.0,Delhi
CUST-0709,2023-04-28,Social_Ads,851.88, delhi
CUST-0710,2022-06-04,Organic,0.0,Bangalore
CUST-0711,2023-05-07,Affiliate,298.46,DELHI
CUST-0712,2023-05-11,Paid_Search,461.16, delhi
CUST-0713,2022-12-07,Social_Ads,828.46,MUMBAI
CUST-0714,2023-01-11,Affiliate,322.62,Bangalore
CUST-0715,2022-01-01,Paid_Search,530.78, delhi
CUST-0716,2022-01-17,Affiliate,261.85,DELHI
CUST-0717,2022-10-17,Paid_Search,378.74,DELHI
CUST-0718,2023-01-17,Paid_Search,374.01,bengaluru
CUST-0719,2022-11-22,Social_Ads,923.3,Mumbai
CUST-0720,2022-01-06,Social_Ads,724.87,Bangalore
CUST-0721,2022-05-12,Organic,0.0,Bengaluru
CUST-0722,2022-08-13,Organic,0.0,Bangalore
CUST-0723,2023-03-28,Affiliate,285.45,BANGALORE
CUST-0724,2023-02-08,Organic,0.0,Bangalore
CUST-0725,2022-02-07,Paid_Search,503.86,Bengaluru
CUST-0726,2022-06-13,Social_Ads,723.56,Mumbai
CUST-0727,2022-03-29,Organic,0.0,Bangalore
CUST-0728,2023-04-28,Organic,0.0,Delhi
CUST-0729,2022-11-11,Social_Ads,925.83, delhi
CUST-0730,2023-04-28,Organic,0.0,BANGALORE
CUST-0731,2022-02-21,Paid_Search,419.6,MUMBAI
CUST-0732,2022-10-11,Affiliate,326.64, delhi
CUST-0733,2022-05-25,Social_Ads,735.17,Delhi
CUST-0734,2022-10-20,Organic,0.0,BANGALORE
CUST-0735,2022-07-04,Paid_Search,360.69,Mumbai
CUST-0736,2022-11-17,Social_Ads,832.07,Delhi
CUST-0737,2022-04-16,Organic,0.0,mumbai 
CUST-0738,2023-03-09,Organic,0.0,BANGALORE
CUST-0739,2023-04-04,Affiliate,319.32,Bengaluru
CUST-0740,2022-07-09,Affiliate,346.26,mumbai 
CUST-0741,2022-01-23,Paid_Search,407.39,BANGALORE
CUST-0742,2023-03-05,Social_Ads,725.94,Mumbai
CUST-0743,2022-12-08,Paid_Search,377.41, delhi
CUST-0744,2022-07-31,Social_Ads,950.63, delhi
CUST-0745,2022-02-01,Paid_Search,511.34, delhi
CUST-0746,2022-12-18,Affiliate,344.03,DELHI
CUST-0747,2022-06-03,Paid_Search,374.21,Bengaluru
CUST-0748,2023-05-02,Paid_Search,496.29,MUMBAI
CUST-0749,2023-02-18,Paid_Search,394.69,Mumbai
CUST-0750,2022-12-16,Affiliate,292.25,MUMBAI
CUST-0751,2023-04-12,Social_Ads,872.67,Bengaluru
CUST-0752,2022-10-12,Organic,0.0,bengaluru
CUST-0753,2022-08-23,Social_Ads,933.49,Delhi
CUST-0754,2022-08-01,Affiliate,257.96,Mumbai
CUST-0755,2023-02-04,Organic,0.0,DELHI
CUST-0756,2022-05-16,Social_Ads,762.57,BANGALORE
CUST-0757,2022-03-30,Affiliate,273.05,MUMBAI
CUST-0758,2022-07-22,Affiliate,346.75,mumbai 
CUST-0759,2023-01-17,Paid_Search,445.54,mumbai 
CUST-0760,2022-06-22,Social_Ads,901.56,mumbai 
CUST-0761,2023-03-08,Social_Ads,797.32,Bengaluru
CUST-0762,2022-06-03,Paid_Search,535.36,Bombay
CUST-0763,2023-01-09,Social_Ads,773.37,Bengaluru
CUST-0764,2022-04-19,Paid_Search,524.42,BANGALORE
CUST-0765,2023-03-21,Affiliate,284.87,Delhi
CUST-0766,2022-06-09,Paid_Search,487.72,Bombay
CUST-0767,2023-03-27,Paid_Search,462.36,Delhi
CUST-0768,2023-03-05,Paid_Search,370.37,Mumbai
CUST-0769,2023-04-16,Affiliate,283.25,MUMBAI
CUST-0770,2023-02-26,Social_Ads,788.55,BANGALORE
CUST-0771,2022-01-16,Organic,0.0,DELHI
CUST-0772,2023-05-07,Affiliate,344.46,mumbai 
CUST-0773,2023-03-05,Social_Ads,926.24,Mumbai
CUST-0774,2022-07-17,Social_Ads,655.89,MUMBAI
CUST-0775,2022-04-26,Paid_Search,481.99,DELHI
CUST-0776,2022-01-11,Affiliate,343.76, delhi
CUST-0777,2023-04-12,Organic,0.0,Bangalore
CUST-0778,2022-05-10,Organic,0.0,mumbai 
CUST-0779,2023-04-04,Social_Ads,760.47,bengaluru
CUST-0780,2022-04-22,Affiliate,296.0,BANGALORE
CUST-0781,2022-09-19,Organic,0.0,mumbai 
CUST-0782,2022-12-17,Social_Ads,674.59,Bengaluru
CUST-0783,2022-11-24,Social_Ads,744.04,bengaluru
CUST-0784,2022-12-31,Social_Ads,944.7, delhi
CUST-0785,2022-03-18,Social_Ads,805.53,MUMBAI
CUST-0786,2022-07-26,Organic,0.0, delhi
CUST-0787,2022-01-14,Paid_Search,477.97,DELHI
CUST-0788,2022-07-27,Social_Ads,764.25,Bengaluru
CUST-0789,2023-01-07,Paid_Search,488.41,BANGALORE
CUST-0790,2022-06-03,Social_Ads,910.53, delhi
CUST-0791,2022-02-19,Paid_Search,444.74,bengaluru
CUST-0792,2023-04-06,Paid_Search,420.41,Delhi
CUST-0793,2022-04-25,Paid_Search,493.96,bengaluru
CUST-0794,2022-07-10,Affiliate,271.27,bengaluru
CUST-0795,2022-08-29,Affiliate,246.44,Mumbai
CUST-0796,2022-09-14,Affiliate,254.38,Bombay
CUST-0797,2022-01-28,Social_Ads,918.67,Bangalore
CUST-0798,2022-06-25,Paid_Search,433.65,Bombay
CUST-0799,2023-03-18,Paid_Search,488.82,Bengaluru
CUST-0800,2022-11-20,Affiliate,358.4,bengaluru
CUST-0801,2022-08-20,Organic,0.0,MUMBAI
CUST-0802,2023-02-07,Paid_Search,497.44,Bengaluru
CUST-0803,2022-08-11,Paid_Search,474.03,DELHI
CUST-0804,2022-07-16,Affiliate,240.56,Bangalore
CUST-0805,2023-04-02,Social_Ads,743.11,MUMBAI
CUST-0806,2022-01-03,Organic,0.0,Delhi
CUST-0807,2023-03-26,Paid_Search,421.98,Delhi
CUST-0808,2022-09-15,Organic,0.0,Bangalore
CUST-0809,2022-06-02,Organic,0.0,Bombay
CUST-0810,2023-03-31,Social_Ads,859.77,Bangalore
CUST-0811,2022-07-03,Social_Ads,880.04,Bangalore
CUST-0812,2022-04-27,Affiliate,266.92,MUMBAI
CUST-0813,2022-01-12,Paid_Search,466.14,Delhi
CUST-0814,2022-12-31,Organic,0.0,Bengaluru
CUST-0815,2022-05-11,Affiliate,332.55, delhi
CUST-0816,2022-01-25,Organic,0.0, delhi
CUST-0817,2022-12-20,Organic,0.0,Bombay
CUST-0818,2022-10-08,Affiliate,270.33,MUMBAI
CUST-0819,2022-12-18,Paid_Search,473.46,DELHI
CUST-0820,2022-02-21,Affiliate,319.5,DELHI
CUST-0821,2023-03-02,Paid_Search,521.75,Bengaluru
CUST-0822,2023-02-06,Social_Ads,674.0,MUMBAI
CUST-0823,2023-03-02,Paid_Search,454.17,Bangalore
CUST-0824,2022-07-29,Social_Ads,734.51,Delhi
CUST-0825,2022-12-19,Affiliate,351.97,mumbai 
CUST-0826,2022-01-07,Paid_Search,480.89,Mumbai
CUST-0827,2023-05-02,Affiliate,250.81,Mumbai
CUST-0828,2022-11-26,Organic,0.0,bengaluru
CUST-0829,2022-01-26,Social_Ads,671.94,Bangalore
CUST-0830,2022-07-04,Organic,0.0,bengaluru
CUST-0831,2022-03-01,Affiliate,251.4,Delhi
CUST-0832,2022-12-06,Organic,0.0,mumbai 
CUST-0833,2023-05-05,Social_Ads,838.98,Bengaluru
CUST-0834,2022-04-04,Social_Ads,676.43,BANGALORE
CUST-0835,2023-03-04,Affiliate,286.29,BANGALORE
CUST-0836,2023-03-30,Affiliate,335.63,Delhi
CUST-0837,2023-01-07,Paid_Search,370.56,Delhi
CUST-0838,2023-04-12,Organic,0.0,BANGALORE
CUST-0839,2022-07-14,Paid_Search,500.25, delhi
CUST-0840,2023-03-27,Organic,0.0,Delhi
CUST-0841,2022-02-27,Affiliate,346.51,BANGALORE
CUST-0842,2022-05-14,Organic,0.0,Mumbai
CUST-0843,2023-03-24,Paid_Search,420.89, delhi
CUST-0844,2022-12-05,Organic,0.0,BANGALORE
CUST-0845,2022-12-13,Social_Ads,845.25,Delhi
CUST-0846,2022-11-26,Organic,0.0,Bombay
CUST-0847,2022-02-08,Affiliate,330.17,mumbai 
CUST-0848,2023-05-12,Paid_Search,410.07,Bangalore
CUST-0849,2023-02-23,Affiliate,268.2,BANGALORE
CUST-0850,2022-08-18,Affiliate,250.56,DELHI
CUST-0851,2022-03-02,Affiliate,357.68,Bengaluru
CUST-0852,2022-07-31,Organic,0.0,Bengaluru
CUST-0853,2023-05-09,Organic,0.0,DELHI
CUST-0854,2022-12-10,Paid_Search,442.12,DELHI
CUST-0855,2023-02-23,Social_Ads,711.33,Bombay
CUST-0856,2023-01-28,Social_Ads,838.32,DELHI
CUST-0857,2022-08-20,Social_Ads,676.49, delhi
CUST-0858,2022-06-24,Paid_Search,423.93,mumbai 
CUST-0859,2022-02-24,Social_Ads,654.65,Delhi
CUST-0860,2023-02-25,Affiliate,326.02,Bombay
CUST-0861,2022-11-09,Organic,0.0,Bengaluru
CUST-0862,2022-08-23,Affiliate,338.95,MUMBAI
CUST-0863,2023-01-23,Social_Ads,772.63,Mumbai
CUST-0864,2022-12-04,Affiliate,310.72,Bangalore
CUST-0865,2022-09-29,Affiliate,328.35,Bombay
CUST-0866,2023-02-04,Affiliate,350.54,Delhi
CUST-0867,2023-02-22,Paid_Search,383.11,DELHI
CUST-0868,2023-03-28,Social_Ads,763.09, delhi
CUST-0869,2022-07-23,Paid_Search,533.45,bengaluru
CUST-0870,2022-03-12,Affiliate,289.53,mumbai 
CUST-0871,2023-01-13,Social_Ads,939.36, delhi
CUST-0872,2022-04-18,Paid_Search,472.35,mumbai 
CUST-0873,2022-03-09,Social_Ads,954.03, delhi
CUST-0874,2022-10-05,Paid_Search,484.98,DELHI
CUST-0875,2022-10-15,Organic,0.0,BANGALORE
CUST-0876,2023-02-18,Social_Ads,644.09,Bengaluru
CUST-0877,2022-03-16,Organic,0.0,Bengaluru
CUST-0878,2023-01-20,Paid_Search,501.4,bengaluru
CUST-0879,2023-03-06,Social_Ads,659.85,mumbai 
CUST-0880,2022-01-17,Paid_Search,424.56,DELHI
CUST-0881,2023-03-21,Organic,0.0, delhi
CUST-0882,2022-11-28,Paid_Search,461.03,Delhi
CUST-0883,2022-12-07,Social_Ads,655.03,DELHI
CUST-0884,2023-05-05,Affiliate,334.57,bengaluru
CUST-0885,2023-01-16,Organic,0.0,Bombay
CUST-0886,2022-12-27,Paid_Search,487.72,DELHI
CUST-0887,2023-05-09,Paid_Search,394.83,DELHI
CUST-0888,2022-02-08,Paid_Search,393.66,Delhi
CUST-0889,2022-01-21,Organic,0.0,bengaluru
CUST-0890,2022-10-27,Paid_Search,512.28,Mumbai
CUST-0891,2022-12-30,Social_Ads,940.0,Bengaluru
CUST-0892,2022-11-02,Paid_Search,369.15,bengaluru
CUST-0893,2022-10-09,Affiliate,282.97, delhi
CUST-0894,2022-04-23,Social_Ads,946.24, delhi
CUST-0895,2022-03-23,Organic,0.0, delhi
CUST-0896,2022-06-28,Affiliate,266.54,MUMBAI
CUST-0897,2022-07-04,Social_Ads,733.94,BANGALORE
CUST-0898,2022-12-09,Organic,0.0,MUMBAI
CUST-0899,2022-12-16,Paid_Search,519.42,Bombay
CUST-0900,2022-05-12,Organic,0.0,bengaluru
CUST-0901,2023-02-25,Organic,0.0, delhi
CUST-0902,2022-01-23,Affiliate,275.57,Bangalore
CUST-0903,2022-02-12,Social_Ads,943.43,Delhi
CUST-0904,2022-02-03,Organic,0.0, delhi
CUST-0905,2022-08-06,Paid_Search,510.42,Delhi
CUST-0906,2023-02-23,Affiliate,352.77, delhi
CUST-0907,2022-08-24,Paid_Search,489.04,Mumbai
CUST-0908,2022-01-28,Organic,0.0,mumbai 
CUST-0909,2023-02-25,Organic,0.0,DELHI
CUST-0910,2022-08-19,Affiliate,315.63,BANGALORE
CUST-0911,2022-07-19,Social_Ads,855.46,Mumbai
CUST-0912,2022-10-27,Organic,0.0,Delhi
CUST-0913,2022-02-24,Social_Ads,732.75, delhi
CUST-0914,2022-02-14,Social_Ads,730.09,DELHI
CUST-0915,2023-02-25,Affiliate,319.29,BANGALORE
CUST-0916,2022-04-23,Paid_Search,384.55,DELHI
CUST-0917,2022-03-15,Social_Ads,735.38, delhi
CUST-0918,2022-10-11,Social_Ads,919.93,MUMBAI
CUST-0919,2022-01-03,Organic,0.0,Bombay
CUST-0920,2022-04-18,Organic,0.0,bengaluru
CUST-0921,2023-04-09,Paid_Search,476.27,Bangalore
CUST-0922,2022-04-24,Paid_Search,471.04,mumbai 
CUST-0923,2022-04-03,Paid_Search,480.78,Mumbai
CUST-0924,2022-10-09,Affiliate,248.78, delhi
CUST-0925,2022-02-20,Organic,0.0,BANGALORE
CUST-0926,2022-03-07,Social_Ads,854.81,Bangalore
CUST-0927,2022-11-14,Organic,0.0,Bangalore
CUST-0928,2022-08-19,Social_Ads,745.07,bengaluru
CUST-0929,2022-10-18,Paid_Search,425.61,DELHI
CUST-0930,2022-01-03,Affiliate,277.59,MUMBAI
CUST-0931,2023-03-07,Affiliate,283.14,bengaluru
CUST-0932,2022-08-17,Affiliate,283.05,bengaluru
CUST-0933,2022-02-25,Affiliate,261.09, delhi
CUST-0934,2023-03-16,Organic,0.0,Bangalore
CUST-0935,2023-03-30,Social_Ads,840.52, delhi
CUST-0936,2023-03-11,Organic,0.0,Mumbai
CUST-0937,2022-04-19,Affiliate,348.76, delhi
CUST-0938,2023-04-03,Social_Ads,959.59,DELHI
CUST-0939,2022-07-20,Paid_Search,400.2,bengaluru
CUST-0940,2022-09-14,Paid_Search,451.87,BANGALORE
CUST-0941,2022-01-06,Social_Ads,852.06, delhi
CUST-0942,2022-03-13,Paid_Search,440.32,Delhi
CUST-0943,2023-01-10,Paid_Search,447.03,DELHI
CUST-0944,2023-01-25,Organic,0.0,Mumbai
CUST-0945,2022-04-30,Social_Ads,653.7,Bangalore
CUST-0946,2022-08-29,Social_Ads,933.73,Bengaluru
CUST-0947,2022-06-15,Organic,0.0, delhi
CUST-0948,2022-05-15,Social_Ads,825.16, delhi
CUST-0949,2022-12-01,Paid_Search,428.13,Bengaluru
CUST-0950,2023-05-14,Social_Ads,930.32,BANGALORE
CUST-0951,2022-09-07,Social_Ads,893.65,Bengaluru
CUST-0952,2022-03-26,Paid_Search,401.4,bengaluru
CUST-0953,2022-04-06,Paid_Search,388.32,Mumbai
CUST-0954,2023-02-20,Paid_Search,419.44,Bengaluru
CUST-0955,2022-09-03,Affiliate,297.48, delhi
CUST-0956,2023-03-03,Paid_Search,433.96,Delhi
CUST-0957,2022-10-21,Organic,0.0,MUMBAI
CUST-0958,2022-03-17,Organic,0.0,DELHI
CUST-0959,2023-05-06,Paid_Search,432.98, delhi
CUST-0960,2023-01-08,Organic,0.0,DELHI
CUST-0961,2022-08-18,Organic,0.0,Bombay
CUST-0962,2022-04-23,Affiliate,339.64,MUMBAI
CUST-0963,2022-12-04,Paid_Search,451.94,Delhi
CUST-0964,2022-11-02,Social_Ads,828.99,Bangalore
CUST-0965,2022-03-09,Affiliate,253.03,Bangalore
CUST-0966,2022-11-07,Affiliate,251.56,Bombay
CUST-0967,2022-09-15,Organic,0.0,Delhi
CUST-0968,2022-03-08,Affiliate,348.24, delhi
CUST-0969,2022-11-29,Organic,0.0,DELHI
CUST-0970,2022-12-24,Social_Ads,809.54,MUMBAI
CUST-0971,2022-06-29,Affiliate,310.69,Bengaluru
CUST-0972,2022-05-11,Affiliate,297.26,MUMBAI
CUST-0973,2022-11-03,Organic,0.0,BANGALORE
CUST-0974,2022-01-03,Social_Ads,866.93,Mumbai
CUST-0975,2022-01-04,Organic,0.0,Delhi
CUST-0976,2022-07-05,Social_Ads,674.11,BANGALORE
CUST-0977,2023-03-14,Social_Ads,811.55,bengaluru
CUST-0978,2022-07-23,Social_Ads,881.59,DELHI
CUST-0979,2022-07-09,Affiliate,307.09,Bombay
CUST-0980,2022-10-23,Social_Ads,750.19,BANGALORE
CUST-0981,2022-03-02,Paid_Search,494.61,DELHI
CUST-0982,2022-04-20,Paid_Search,451.5,mumbai 
CUST-0983,2022-07-19,Organic,0.0,Mumbai
CUST-0984,2022-08-30,Organic,0.0,Bombay
CUST-0985,2022-05-15,Organic,0.0,Mumbai
CUST-0986,2022-07-16,Organic,0.0,DELHI
CUST-0987,2023-05-09,Social_Ads,831.19,Delhi
CUST-0988,2022-01-06,Affiliate,264.2,bengaluru
CUST-0989,2023-02-06,Paid_Search,467.91,MUMBAI
CUST-0990,2022-01-19,Paid_Search,424.75, delhi
CUST-0991,2022-02-14,Organic,0.0,Bombay
CUST-0992,2022-07-22,Social_Ads,769.74,Delhi
CUST-0993,2022-12-27,Organic,0.0,Delhi
CUST-0994,2023-03-01,Social_Ads,818.92, delhi
CUST-0995,2023-05-09,Social_Ads,900.96,Bangalore
CUST-0996,2023-04-22,Paid_Search,432.71,Bengaluru
CUST-0997,2022-07-28,Social_Ads,802.0,Mumbai
CUST-0998,2023-04-30,Social_Ads,677.44,bengaluru
CUST-0999,2022-08-15,Social_Ads,949.14, delhi
CUST-1000,2023-01-23,Affiliate,280.76,Bombay
